{"accuracy": 0.7984386089425124, "roc_auc": 0.8425598697977214}